threshold;accuracy;recall_chuva;precision_chuva;f1_chuva;TN;FP;FN;TP;modelo;model_tag;versao_dataset
0.3;0.7023524720893142;0.9239738805970149;0.4123646960865945;0.5702360391479563;5065;2823;163;1981;xgb_smote_0p4;xgb_smote_0p4_thr055_v1;australia_clima_v9
0.35;0.7322567783094099;0.9029850746268657;0.4386044404168555;0.5904239097285758;5410;2478;208;1936;xgb_smote_0p4;xgb_smote_0p4_thr055_v1;australia_clima_v9
0.39999999999999997;0.7598684210526315;0.8852611940298507;0.4673725683329229;0.611764705882353;5725;2163;246;1898;xgb_smote_0p4;xgb_smote_0p4_thr055_v1;australia_clima_v9
0.44999999999999996;0.780103668261563;0.8642723880597015;0.4917728237791932;0.6268606224627875;5973;1915;291;1853;xgb_smote_0p4;xgb_smote_0p4_thr055_v1;australia_clima_v9
0.49999999999999994;0.7999401913875598;0.8325559701492538;0.5199533935333528;0.6401291016675632;6240;1648;359;1785;xgb_smote_0p4;xgb_smote_0p4_thr055_v1;australia_clima_v9
0.5499999999999999;0.8182814992025519;0.8027052238805971;0.5514258250560717;0.6537511870845204;6488;1400;423;1721;xgb_smote_0p4;xgb_smote_0p4_thr055_v1;australia_clima_v9
0.5999999999999999;0.8310406698564593;0.7649253731343284;0.5793006004945249;0.6592964824120603;6697;1191;504;1640;xgb_smote_0p4;xgb_smote_0p4_thr055_v1;australia_clima_v9
0.6499999999999999;0.8465909090909091;0.7294776119402985;0.6198969480776853;0.6702378401542747;6929;959;580;1564;xgb_smote_0p4;xgb_smote_0p4_thr055_v1;australia_clima_v9
0.7;0.8549641148325359;0.6767723880597015;0.6556710347943967;0.6660546247417948;7126;762;693;1451;xgb_smote_0p4;xgb_smote_0p4_thr055_v1;australia_clima_v9
