threshold;accuracy;recall_chuva;precision_chuva;f1_chuva;TN;FP;FN;TP;modelo;model_tag;versao_dataset
0.3;0.7793062200956937;0.8854853911404336;0.48805194805194807;0.62926992632284;5939;1971;243;1879;xgb_smote_0p4;xgb_smote_0p4_thr055_v1;australia_clima_v9
0.35;0.7990430622009569;0.8680490103675778;0.5148127445500279;0.6463157894736842;6174;1736;280;1842;xgb_smote_0p4;xgb_smote_0p4_thr055_v1;australia_clima_v9
0.39999999999999997;0.8179824561403509;0.8482563619227145;0.5447941888619855;0.6634721710283819;6406;1504;322;1800;xgb_smote_0p4;xgb_smote_0p4_thr055_v1;australia_clima_v9
0.44999999999999996;0.8339314194577353;0.824693685202639;0.5749014454664915;0.6775067750677507;6616;1294;372;1750;xgb_smote_0p4;xgb_smote_0p4_thr055_v1;australia_clima_v9
0.49999999999999994;0.8438995215311005;0.794062205466541;0.5987917555081734;0.6827390599675851;6781;1129;437;1685;xgb_smote_0p4;xgb_smote_0p4_thr055_v1;australia_clima_v9
0.5499999999999999;0.8539673046251993;0.7629594721960414;0.6272762495156916;0.6884967042313417;6948;962;503;1619;xgb_smote_0p4;xgb_smote_0p4_thr055_v1;australia_clima_v9
0.5999999999999999;0.861244019138756;0.7318567389255419;0.6536195286195287;0.6905291240551357;7087;823;569;1553;xgb_smote_0p4;xgb_smote_0p4_thr055_v1;australia_clima_v9
0.6499999999999999;0.8688197767145136;0.6979264844486334;0.6869202226345084;0.6923796166432913;7235;675;641;1481;xgb_smote_0p4;xgb_smote_0p4_thr055_v1;australia_clima_v9
0.7;0.8725079744816587;0.6503298774740811;0.7198748043818466;0.6833374597672691;7373;537;742;1380;xgb_smote_0p4;xgb_smote_0p4_thr055_v1;australia_clima_v9
