threshold;accuracy;recall_chuva;precision_chuva;f1_chuva;TN;FP;FN;TP;modelo;model_tag;versao_dataset
0.3;0.6885964912280702;0.9328358208955224;0.40160642570281124;0.5614823133071308;4908;2980;144;2000;xgb_smote_0p4;xgb_smote_0p4_thr055_v1;australia_clima_v9
0.35;0.719896331738437;0.9183768656716418;0.42767158992180715;0.583580320094843;5253;2635;175;1969;xgb_smote_0p4;xgb_smote_0p4_thr055_v1;australia_clima_v9
0.39999999999999997;0.7435207336523126;0.8992537313432836;0.4499416569428238;0.5997822367397729;5531;2357;216;1928;xgb_smote_0p4;xgb_smote_0p4_thr055_v1;australia_clima_v9
0.44999999999999996;0.7652511961722488;0.8754664179104478;0.4733921815889029;0.6145031920117859;5800;2088;267;1877;xgb_smote_0p4;xgb_smote_0p4_thr055_v1;australia_clima_v9
0.49999999999999994;0.7888755980861244;0.8535447761194029;0.50357732526142;0.6334371754932503;6084;1804;314;1830;xgb_smote_0p4;xgb_smote_0p4_thr055_v1;australia_clima_v9
0.5499999999999999;0.8074162679425837;0.8302238805970149;0.5316606929510155;0.6482155863073562;6320;1568;364;1780;xgb_smote_0p4;xgb_smote_0p4_thr055_v1;australia_clima_v9
0.5999999999999999;0.82396331738437;0.7933768656716418;0.5625;0.6582817337461301;6565;1323;443;1701;xgb_smote_0p4;xgb_smote_0p4_thr055_v1;australia_clima_v9
0.6499999999999999;0.8374202551834131;0.75;0.5948945615982242;0.6635031978543429;6793;1095;536;1608;xgb_smote_0p4;xgb_smote_0p4_thr055_v1;australia_clima_v9
0.7;0.8485845295055822;0.7005597014925373;0.6313577133249264;0.6641609551182843;7011;877;642;1502;xgb_smote_0p4;xgb_smote_0p4_thr055_v1;australia_clima_v9
