threshold;accuracy;recall_chuva;precision_chuva;f1_chuva;TN;FP;FN;TP;modelo;model_tag;versao_dataset
0.3;0.7206937799043063;0.917910447761194;0.4283848498040923;0.5841495992876224;5262;2626;176;1968;xgb_smote_0p4;xgb_smote_0p4_thr055_v1;australia_clima_v9
0.35;0.7455143540669856;0.8969216417910447;0.45193889541715626;0.6010314111579934;5556;2332;221;1923;xgb_smote_0p4;xgb_smote_0p4_thr055_v1;australia_clima_v9
0.39999999999999997;0.7689393939393939;0.875;0.47784004075394804;0.6181219110378913;5838;2050;268;1876;xgb_smote_0p4;xgb_smote_0p4_thr055_v1;australia_clima_v9
0.44999999999999996;0.7896730462519936;0.8577425373134329;0.5046652030735456;0.6354526606772632;6083;1805;305;1839;xgb_smote_0p4;xgb_smote_0p4_thr055_v1;australia_clima_v9
0.49999999999999994;0.8081140350877193;0.8283582089552238;0.5328532853285328;0.6485302172722294;6331;1557;368;1776;xgb_smote_0p4;xgb_smote_0p4_thr055_v1;australia_clima_v9
0.5499999999999999;0.8249601275917066;0.8013059701492538;0.5636482939632546;0.6617873651771957;6558;1330;426;1718;xgb_smote_0p4;xgb_smote_0p4_thr055_v1;australia_clima_v9
0.5999999999999999;0.840011961722488;0.7635261194029851;0.5985374771480805;0.6710391473662636;6790;1098;507;1637;xgb_smote_0p4;xgb_smote_0p4_thr055_v1;australia_clima_v9
0.6499999999999999;0.847488038277512;0.7173507462686567;0.6246953696181966;0.6678245766391663;6964;924;606;1538;xgb_smote_0p4;xgb_smote_0p4_thr055_v1;australia_clima_v9
0.7;0.8559609250398724;0.6665111940298507;0.6618805002315887;0.6641877759702534;7158;730;715;1429;xgb_smote_0p4;xgb_smote_0p4_thr055_v1;australia_clima_v9
